,obs.mean,null.mean,obs.lower,obs.upper,null.lower,null.upper,V7
1,NA,0.0061995498970341,0.0997513237770235,0.00525026251312566,0.00718261806428443,0.0980588502074716,0.101319493877897
